{"loss_history": [211.57604143675417, 46.676724762422964, 31.976773610105738, 24.291327713173814, 19.435875493334606, 15.77939139274531, 12.641045953234425, 9.239838855733979, 7.863728855358204, 5.95377131649002, 4.639792658512306, 3.725488211886841, 2.6681354072570684, 2.2433046354781254, 1.7285542903227906, 1.5601176239488268, 1.391316312672643, 1.1473750880650186, 0.9935904817848495, 0.8865143242137492], "acc": 0.9938, "last_epoch": 20}